offset_seconds,samples,tps,error_rate,avg_ms,p95_ms
0.0,2.0,0.2,1.0,2470.0,2719.3
10.0,1.0,0.1,1.0,2022.0,2022.0
20.0,3.0,0.3,1.0,3549.6666666666665,3613.6
40.0,3.0,0.3,1.0,8570.666666666666,18464.1
50.0,1.0,0.1,1.0,6285.0,6285.0
60.0,1.0,0.1,1.0,28645.0,28645.0
70.0,1.0,0.1,1.0,3175.0,3175.0
80.0,1.0,0.1,1.0,5544.0,5544.0
90.0,1.0,0.1,1.0,2276.0,2276.0
110.0,1.0,0.1,1.0,13903.0,13903.0
120.0,1.0,0.1,0.0,3040.0,3040.0
130.0,3.0,0.3,1.0,3015.0,5989.0
140.0,1.0,0.1,1.0,7569.0,7569.0
150.0,4.0,0.4,1.0,9089.75,16867.75
170.0,5.0,0.5,1.0,14212.6,40381.399999999994
180.0,2.0,0.2,1.0,4407.5,6349.25
190.0,2.0,0.2,1.0,21620.0,23663.9
200.0,2.0,0.2,1.0,1584.5,1600.25
210.0,3.0,0.3,1.0,48973.666666666664,111970.79999999999
220.0,2.0,0.2,1.0,19108.5,35387.25
230.0,2.0,0.2,1.0,2722.5,3574.35
240.0,1.0,0.1,1.0,15368.0,15368.0
250.0,3.0,0.3,1.0,4901.666666666667,8815.2
260.0,2.0,0.2,1.0,1548.5,2446.25
270.0,1.0,0.1,1.0,15236.0,15236.0
280.0,5.0,0.5,1.0,3513.8,5398.2
290.0,2.0,0.2,1.0,39054.5,71810.45
300.0,2.0,0.2,1.0,11895.0,19631.4
310.0,1.0,0.1,1.0,1229.0,1229.0
320.0,2.0,0.2,1.0,19773.0,35253.0
330.0,2.0,0.2,1.0,5599.0,6130.0
340.0,1.0,0.1,1.0,3547.0,3547.0
360.0,2.0,0.2,1.0,22526.0,38502.799999999996
370.0,4.0,0.4,1.0,12477.5,26253.049999999996
390.0,2.0,0.2,1.0,5069.0,5366.0
400.0,2.0,0.2,1.0,11569.0,21001.0
410.0,1.0,0.1,1.0,2951.0,2951.0
420.0,4.0,0.4,1.0,18805.5,34695.84999999999
430.0,3.0,0.3,1.0,6532.0,12985.699999999999
440.0,2.0,0.2,1.0,7099.5,10237.349999999999
450.0,1.0,0.1,1.0,1333.0,1333.0
460.0,5.0,0.5,1.0,22432.8,67397.59999999999
470.0,2.0,0.2,1.0,16840.0,29494.899999999998
480.0,1.0,0.1,1.0,9166.0,9166.0
490.0,2.0,0.2,1.0,3381.0,3641.1
500.0,2.0,0.2,1.0,17184.5,30522.05
510.0,2.0,0.2,1.0,15892.0,24109.899999999998
520.0,2.0,0.2,1.0,11914.5,17349.15
530.0,4.0,0.4,0.75,23763.75,63928.64999999998
540.0,3.0,0.3,1.0,12603.333333333334,22618.3
550.0,1.0,0.1,1.0,3964.0,3964.0
560.0,3.0,0.3,1.0,21283.666666666668,32660.5
570.0,1.0,0.1,1.0,12820.0,12820.0
580.0,1.0,0.1,1.0,10266.0,10266.0
600.0,3.0,0.3,1.0,5866.666666666667,10721.099999999999
610.0,2.0,0.2,1.0,41871.5,73162.25
630.0,4.0,0.4,1.0,7217.25,12568.949999999999
640.0,4.0,0.4,1.0,6492.25,11308.399999999998
650.0,1.0,0.1,1.0,14787.0,14787.0
670.0,1.0,0.1,1.0,4393.0,4393.0
680.0,1.0,0.1,1.0,9257.0,9257.0
690.0,1.0,0.1,1.0,3173.0,3173.0
700.0,2.0,0.2,1.0,2380.5,3884.85
710.0,3.0,0.3,1.0,8450.0,14562.699999999999
720.0,1.0,0.1,1.0,3320.0,3320.0
740.0,3.0,0.3,1.0,13523.333333333334,19528.7
750.0,2.0,0.2,1.0,6069.0,6436.2
760.0,2.0,0.2,1.0,7996.5,12604.949999999999
780.0,4.0,0.4,1.0,6014.0,8785.25
790.0,3.0,0.3,1.0,3257.0,3335.4
800.0,1.0,0.1,1.0,9160.0,9160.0
810.0,2.0,0.2,1.0,3764.0,5166.2
820.0,7.0,0.7,1.0,12660.714285714286,34278.29999999999
830.0,1.0,0.1,1.0,5008.0,5008.0
840.0,2.0,0.2,1.0,11545.5,18370.65
850.0,2.0,0.2,1.0,7117.5,9923.25
860.0,2.0,0.2,1.0,13860.0,20613.6
870.0,2.0,0.2,1.0,7906.5,14436.449999999999
880.0,1.0,0.1,1.0,3637.0,3637.0
890.0,3.0,0.3,1.0,9767.0,14856.599999999999
900.0,2.0,0.2,1.0,6926.0,7440.8
910.0,2.0,0.2,1.0,28678.0,40315.0
920.0,1.0,0.1,1.0,3755.0,3755.0
930.0,2.0,0.2,1.0,8900.5,13909.449999999999
950.0,5.0,0.5,1.0,13399.2,24964.799999999996
960.0,3.0,0.3,1.0,12827.0,14434.4
970.0,3.0,0.3,1.0,7917.666666666667,12266.2
980.0,2.0,0.2,1.0,3233.5,3272.65
990.0,1.0,0.1,1.0,19607.0,19607.0
1000.0,2.0,0.2,1.0,7565.5,7585.75
1010.0,4.0,0.4,1.0,11848.75,18931.449999999997
1020.0,3.0,0.3,1.0,32665.666666666668,82753.7
1030.0,2.0,0.2,0.5,6224.5,8083.45
1040.0,3.0,0.3,1.0,2885.3333333333335,3990.8
1050.0,2.0,0.2,1.0,17672.0,26106.8
1060.0,2.0,0.2,1.0,26823.0,46547.4
1070.0,3.0,0.3,1.0,7453.0,14999.8
1090.0,3.0,0.3,0.6666666666666666,48032.0,122673.09999999999
1110.0,1.0,0.1,1.0,12684.0,12684.0
1120.0,4.0,0.4,1.0,6570.25,16064.899999999994
1130.0,3.0,0.3,1.0,16182.333333333334,18664.5
1140.0,3.0,0.3,1.0,2035.0,2513.3
1150.0,1.0,0.1,1.0,2015.0,2015.0
1160.0,2.0,0.2,1.0,6902.5,8599.45
1170.0,2.0,0.2,1.0,14406.0,18177.0
1180.0,1.0,0.1,1.0,7265.0,7265.0
1190.0,6.0,0.6,1.0,24473.0,71368.0
1210.0,1.0,0.1,1.0,3727.0,3727.0
1220.0,4.0,0.4,1.0,12294.5,22912.1
1230.0,3.0,0.3,1.0,2051.0,2716.9
1240.0,4.0,0.4,1.0,3149.0,3994.5999999999995
1250.0,1.0,0.1,1.0,5998.0,5998.0
1260.0,4.0,0.4,1.0,10479.5,23235.649999999994
1270.0,1.0,0.1,1.0,16576.0,16576.0
1280.0,2.0,0.2,1.0,9858.5,10136.15
1300.0,3.0,0.3,1.0,74661.33333333333,196455.8
1310.0,3.0,0.3,1.0,16378.0,28265.3
1320.0,2.0,0.2,1.0,3078.0,3098.7
1330.0,1.0,0.1,1.0,2254.0,2254.0
1340.0,5.0,0.5,1.0,17284.8,39108.2
1360.0,3.0,0.3,1.0,15016.666666666666,26190.1
1370.0,2.0,0.2,1.0,4690.0,5505.4
1380.0,3.0,0.3,1.0,7048.333333333333,12526.099999999999
1390.0,2.0,0.2,1.0,2569.5,2597.85
1400.0,1.0,0.1,1.0,16896.0,16896.0
1410.0,2.0,0.2,1.0,3523.5,3784.05
1420.0,1.0,0.1,1.0,4153.0,4153.0
1430.0,3.0,0.3,1.0,18798.666666666668,33982.1
1440.0,1.0,0.1,1.0,5010.0,5010.0
1450.0,2.0,0.2,1.0,4436.0,5803.1
1460.0,3.0,0.3,0.6666666666666666,6402.333333333333,12546.3
1470.0,3.0,0.3,1.0,3288.6666666666665,6649.4
1480.0,3.0,0.3,1.0,4108.333333333333,7098.799999999999
1490.0,5.0,0.5,1.0,13551.8,30147.6
1500.0,1.0,0.1,1.0,23974.0,23974.0
1510.0,2.0,0.2,1.0,1437.5,1767.35
1520.0,2.0,0.2,1.0,2836.5,3156.45
1530.0,2.0,0.2,1.0,6104.5,7573.75
1540.0,4.0,0.4,1.0,10267.5,23761.84999999999
1550.0,4.0,0.4,1.0,6024.75,7379.6
1560.0,2.0,0.2,1.0,48319.0,78780.4
1570.0,2.0,0.2,1.0,11625.0,18686.4
1580.0,2.0,0.2,1.0,5383.5,9518.55
1590.0,3.0,0.3,1.0,8523.666666666666,13984.9
1600.0,2.0,0.2,1.0,15566.0,26076.2
1610.0,2.0,0.2,1.0,5740.0,6397.9
1620.0,2.0,0.2,1.0,4077.0,6520.5
1630.0,3.0,0.3,1.0,13104.0,20781.4
1640.0,2.0,0.2,1.0,2461106.0,2461335.5
1650.0,6.0,0.6,1.0,1243860.8333333333,2457300.0
1680.0,3.0,0.3,1.0,31169.333333333332,31605.2
1690.0,1.0,0.1,1.0,30942.0,30942.0
1700.0,1.0,0.1,1.0,31618.0,31618.0
1710.0,2.0,0.2,1.0,31022.0,31238.0
1730.0,2.0,0.2,1.0,31374.0,31432.5
1760.0,1.0,0.1,1.0,30736.0,30736.0
7810.0,2.0,0.2,1.0,4346.0,7052.3
7820.0,1.0,0.1,1.0,3827.0,3827.0
7850.0,1.0,0.1,1.0,1402.0,1402.0
7860.0,7.0,0.7,1.0,1182.7142857142858,1487.1
7870.0,5.0,0.5,1.0,1534.2,2082.2
7880.0,11.0,1.1,1.0,2837.909090909091,8307.5
7890.0,3.0,0.3,1.0,2296.0,2906.1
7900.0,5.0,0.5,1.0,3244.0,8788.599999999999
7910.0,5.0,0.5,1.0,1691.6,2067.4
7920.0,11.0,1.1,1.0,2438.6363636363635,6272.0
7930.0,3.0,0.3,1.0,6479.666666666667,15768.699999999999
7940.0,10.0,1.0,1.0,2050.5,5671.249999999994
7950.0,5.0,0.5,1.0,2895.8,6592.999999999999
7960.0,6.0,0.6,1.0,1835.5,3065.75
7970.0,6.0,0.6,1.0,3517.1666666666665,7440.25
7980.0,2.0,0.2,1.0,8082.0,12603.6
7990.0,11.0,1.1,1.0,4277.363636363636,9791.5
8000.0,6.0,0.6,1.0,1550.8333333333333,1721.0
8010.0,12.0,1.2,1.0,2138.4166666666665,5033.499999999995
8020.0,4.0,0.4,1.0,3087.0,5059.999999999999
8030.0,9.0,0.9,1.0,3405.777777777778,9219.999999999998
8040.0,4.0,0.4,1.0,1590.75,1951.25
8050.0,7.0,0.7,1.0,3710.1428571428573,10335.399999999996
8060.0,7.0,0.7,1.0,6376.142857142857,10105.1
8070.0,10.0,1.0,1.0,5425.8,13319.2
8080.0,6.0,0.6,1.0,3579.8333333333335,10384.25
8090.0,9.0,0.9,1.0,2368.222222222222,4907.399999999999
8100.0,5.0,0.5,1.0,2809.4,8105.799999999998
8110.0,7.0,0.7,1.0,2786.0,4827.299999999999
8120.0,3.0,0.3,1.0,9015.666666666666,11475.5
8130.0,14.0,1.4,1.0,3191.9285714285716,7332.549999999999
8140.0,5.0,0.5,1.0,3869.8,11963.199999999997
8150.0,10.0,1.0,1.0,1643.9,3067.2499999999995
8160.0,7.0,0.7,1.0,3773.8571428571427,14034.799999999988
8170.0,9.0,0.9,1.0,3361.5555555555557,9081.999999999996
8180.0,8.0,0.8,1.0,3039.125,8705.399999999998
8190.0,9.0,0.9,1.0,2053.222222222222,5874.999999999997
8200.0,16.0,1.6,1.0,2482.1875,5040.75
8210.0,5.0,0.5,1.0,1756.2,3900.3999999999996
8220.0,8.0,0.8,1.0,4625.125,10001.049999999997
8230.0,4.0,0.4,1.0,2623.5,5709.449999999999
8240.0,5.0,0.5,1.0,3177.8,6596.599999999999
8250.0,11.0,1.1,1.0,5650.727272727273,13592.0
8260.0,5.0,0.5,1.0,2337.8,3505.2
8270.0,8.0,0.8,1.0,2738.375,5946.099999999999
8280.0,6.0,0.6,1.0,3437.6666666666665,7809.25
8290.0,9.0,0.9,1.0,5269.666666666667,10048.4
8300.0,9.0,0.9,1.0,1645.6666666666667,3762.9999999999986
8310.0,5.0,0.5,1.0,4416.0,7671.4
8320.0,9.0,0.9,1.0,3460.1111111111113,8871.4
8330.0,8.0,0.8,1.0,2942.625,9246.599999999995
8340.0,7.0,0.7,1.0,1775.0,3334.8999999999987
8350.0,10.0,1.0,1.0,2723.3,7826.699999999997
8360.0,1.0,0.1,1.0,2132.0,2132.0
8370.0,13.0,1.3,1.0,2499.5384615384614,5630.799999999999
8380.0,9.0,0.9,1.0,2886.1111111111113,6303.2
8390.0,7.0,0.7,1.0,1954.4285714285713,3567.999999999999
8400.0,11.0,1.1,1.0,3977.3636363636365,8999.0
8410.0,4.0,0.4,1.0,1383.25,2069.5999999999995
8420.0,8.0,0.8,1.0,1234.5,1578.3
8430.0,7.0,0.7,1.0,5884.857142857143,16793.499999999996
8440.0,7.0,0.7,1.0,3450.1428571428573,7599.599999999997
8450.0,6.0,0.6,1.0,2360.6666666666665,5908.75
8460.0,13.0,1.3,1.0,1294.7692307692307,1961.5999999999995
8470.0,5.0,0.5,1.0,3160.6,5999.2
8480.0,4.0,0.4,1.0,5717.5,12197.249999999996
8490.0,11.0,1.1,1.0,1697.909090909091,3733.5
8500.0,13.0,1.3,1.0,1527.923076923077,2551.2
8510.0,2.0,0.2,1.0,6273.0,10094.4
8520.0,7.0,0.7,1.0,2446.714285714286,5183.599999999997
8530.0,11.0,1.1,1.0,3173.3636363636365,9572.0
8540.0,7.0,0.7,1.0,1909.857142857143,2311.0
8550.0,6.0,0.6,1.0,4711.5,7550.0
8560.0,7.0,0.7,1.0,1615.0,2657.499999999999
8570.0,10.0,1.0,1.0,2482.1,6348.649999999999
8580.0,12.0,1.2,1.0,3609.0,12924.549999999992
8590.0,3.0,0.3,1.0,3179.0,6768.299999999999
8600.0,7.0,0.7,1.0,4040.4285714285716,8345.3
8610.0,14.0,1.4,1.0,1746.2857142857142,3163.8999999999987
8620.0,2.0,0.2,1.0,2247.5,3255.0499999999997
8630.0,9.0,0.9,1.0,1455.5555555555557,1710.6
8640.0,9.0,0.9,1.0,3769.8888888888887,7415.4
8650.0,9.0,0.9,1.0,2534.222222222222,6448.999999999998
8660.0,6.0,0.6,1.0,1244.0,1407.5
8670.0,8.0,0.8,1.0,1420.375,1665.4499999999998
8680.0,11.0,1.1,1.0,3854.090909090909,8121.5
8690.0,5.0,0.5,1.0,2306.2,5605.4
8700.0,7.0,0.7,1.0,2966.285714285714,6287.0
8710.0,6.0,0.6,1.0,3796.3333333333335,9449.25
8720.0,14.0,1.4,1.0,2174.1428571428573,5987.299999999997
8730.0,7.0,0.7,1.0,3716.1428571428573,13836.399999999987
8740.0,7.0,0.7,1.0,3193.714285714286,6726.699999999999
8750.0,13.0,1.3,1.0,2033.4615384615386,6112.2
8760.0,7.0,0.7,1.0,3374.4285714285716,7930.999999999997
8770.0,5.0,0.5,1.0,4734.8,9573.8
8780.0,8.0,0.8,1.0,3319.625,7911.4
8790.0,13.0,1.3,1.0,4231.076923076923,9427.399999999998
8800.0,6.0,0.6,1.0,1844.1666666666667,3010.25
8810.0,9.0,0.9,1.0,1397.111111111111,2863.999999999999
8820.0,12.0,1.2,1.0,3025.9166666666665,7091.949999999999
8830.0,9.0,0.9,1.0,2804.4444444444443,5017.2
8840.0,10.0,1.0,1.0,1990.8,5113.649999999995
8850.0,8.0,0.8,1.0,1106.0,1551.3
8860.0,4.0,0.4,1.0,2858.25,5658.549999999998
8870.0,11.0,1.1,1.0,2088.090909090909,5129.0
8880.0,6.0,0.6,1.0,2099.3333333333335,4373.0
8890.0,5.0,0.5,1.0,3237.8,6428.8
8900.0,8.0,0.8,1.0,4244.0,8322.649999999998
8910.0,12.0,1.2,1.0,2531.6666666666665,5383.9
8920.0,9.0,0.9,1.0,2817.4444444444443,7057.199999999999
8930.0,2.0,0.2,1.0,687.5,935.4499999999999
