trace_id,label
normal_0000,0
normal_0001,0
normal_0002,0
normal_0003,0
normal_0004,0
normal_0005,0
normal_0006,0
normal_0007,0
normal_0008,0
normal_0009,0
normal_0010,0
normal_0011,0
normal_0012,0
normal_0013,0
normal_0014,0
normal_0015,0
normal_0016,0
normal_0017,0
normal_0018,0
normal_0019,0
normal_0020,0
normal_0021,0
normal_0022,0
normal_0023,0
normal_0024,0
normal_0025,0
normal_0026,0
normal_0027,0
normal_0028,0
normal_0029,0
normal_0030,0
normal_0031,0
normal_0032,0
normal_0033,0
normal_0034,0
normal_0035,0
normal_0036,0
normal_0037,0
normal_0038,0
normal_0039,0
normal_0040,0
normal_0041,0
normal_0042,0
normal_0043,0
normal_0044,0
normal_0045,0
normal_0046,0
normal_0047,0
normal_0048,0
normal_0049,0
normal_0050,0
normal_0051,0
normal_0052,0
normal_0053,0
normal_0054,0
normal_0055,0
normal_0056,0
normal_0057,0
normal_0058,0
normal_0059,0
normal_0060,0
normal_0061,0
normal_0062,0
normal_0063,0
normal_0064,0
normal_0065,0
normal_0066,0
normal_0067,0
normal_0068,0
normal_0069,0
normal_0070,0
normal_0071,0
normal_0072,0
normal_0073,0
normal_0074,0
normal_0075,0
normal_0076,0
normal_0077,0
normal_0078,0
normal_0079,0
normal_0080,0
normal_0081,0
normal_0082,0
normal_0083,0
normal_0084,0
normal_0085,0
normal_0086,0
normal_0087,0
normal_0088,0
normal_0089,0
normal_0090,0
normal_0091,0
normal_0092,0
normal_0093,0
normal_0094,0
normal_0095,0
normal_0096,0
normal_0097,0
normal_0098,0
normal_0099,0
normal_0100,0
normal_0101,0
normal_0102,0
normal_0103,0
normal_0104,0
normal_0105,0
normal_0106,0
normal_0107,0
normal_0108,0
normal_0109,0
normal_0110,0
normal_0111,0
normal_0112,0
normal_0113,0
normal_0114,0
normal_0115,0
normal_0116,0
normal_0117,0
normal_0118,0
normal_0119,0
normal_0120,0
normal_0121,0
normal_0122,0
normal_0123,0
normal_0124,0
normal_0125,0
normal_0126,0
normal_0127,0
normal_0128,0
normal_0129,0
normal_0130,0
normal_0131,0
normal_0132,0
normal_0133,0
normal_0134,0
normal_0135,0
normal_0136,0
normal_0137,0
normal_0138,0
normal_0139,0
normal_0140,0
normal_0141,0
normal_0142,0
normal_0143,0
normal_0144,0
normal_0145,0
normal_0146,0
normal_0147,0
normal_0148,0
normal_0149,0
normal_0150,0
normal_0151,0
normal_0152,0
normal_0153,0
normal_0154,0
normal_0155,0
normal_0156,0
normal_0157,0
normal_0158,0
normal_0159,0
normal_0160,0
normal_0161,0
normal_0162,0
normal_0163,0
normal_0164,0
normal_0165,0
normal_0166,0
normal_0167,0
normal_0168,0
normal_0169,0
normal_0170,0
normal_0171,0
normal_0172,0
normal_0173,0
normal_0174,0
normal_0175,0
normal_0176,0
normal_0177,0
normal_0178,0
normal_0179,0
normal_0180,0
normal_0181,0
normal_0182,0
normal_0183,0
normal_0184,0
normal_0185,0
normal_0186,0
normal_0187,0
normal_0188,0
normal_0189,0
normal_0190,0
normal_0191,0
normal_0192,0
normal_0193,0
normal_0194,0
normal_0195,0
normal_0196,0
normal_0197,0
normal_0198,0
normal_0199,0
normal_0200,0
normal_0201,0
normal_0202,0
normal_0203,0
normal_0204,0
normal_0205,0
normal_0206,0
normal_0207,0
normal_0208,0
normal_0209,0
normal_0210,0
normal_0211,0
normal_0212,0
normal_0213,0
normal_0214,0
normal_0215,0
normal_0216,0
normal_0217,0
normal_0218,0
normal_0219,0
normal_0220,0
normal_0221,0
normal_0222,0
normal_0223,0
normal_0224,0
normal_0225,0
normal_0226,0
normal_0227,0
normal_0228,0
normal_0229,0
normal_0230,0
normal_0231,0
normal_0232,0
normal_0233,0
normal_0234,0
normal_0235,0
normal_0236,0
normal_0237,0
normal_0238,0
normal_0239,0
normal_0240,0
normal_0241,0
normal_0242,0
normal_0243,0
normal_0244,0
normal_0245,0
normal_0246,0
normal_0247,0
normal_0248,0
normal_0249,0
normal_0250,0
normal_0251,0
normal_0252,0
normal_0253,0
normal_0254,0
normal_0255,0
normal_0256,0
normal_0257,0
normal_0258,0
normal_0259,0
normal_0260,0
normal_0261,0
normal_0262,0
normal_0263,0
normal_0264,0
normal_0265,0
normal_0266,0
normal_0267,0
normal_0268,0
normal_0269,0
normal_0270,0
normal_0271,0
normal_0272,0
normal_0273,0
normal_0274,0
normal_0275,0
normal_0276,0
normal_0277,0
normal_0278,0
normal_0279,0
normal_0280,0
normal_0281,0
normal_0282,0
normal_0283,0
normal_0284,0
normal_0285,0
normal_0286,0
normal_0287,0
normal_0288,0
normal_0289,0
normal_0290,0
normal_0291,0
normal_0292,0
normal_0293,0
normal_0294,0
normal_0295,0
normal_0296,0
normal_0297,0
normal_0298,0
normal_0299,0
normal_0300,0
normal_0301,0
normal_0302,0
normal_0303,0
normal_0304,0
normal_0305,0
normal_0306,0
normal_0307,0
normal_0308,0
normal_0309,0
normal_0310,0
normal_0311,0
normal_0312,0
normal_0313,0
normal_0314,0
normal_0315,0
normal_0316,0
normal_0317,0
normal_0318,0
normal_0319,0
normal_0320,0
normal_0321,0
normal_0322,0
normal_0323,0
normal_0324,0
normal_0325,0
normal_0326,0
normal_0327,0
normal_0328,0
normal_0329,0
normal_0330,0
normal_0331,0
normal_0332,0
normal_0333,0
normal_0334,0
normal_0335,0
normal_0336,0
normal_0337,0
normal_0338,0
normal_0339,0
normal_0340,0
normal_0341,0
normal_0342,0
normal_0343,0
normal_0344,0
normal_0345,0
normal_0346,0
normal_0347,0
normal_0348,0
normal_0349,0
normal_0350,0
normal_0351,0
normal_0352,0
normal_0353,0
normal_0354,0
normal_0355,0
normal_0356,0
normal_0357,0
normal_0358,0
normal_0359,0
normal_0360,0
normal_0361,0
normal_0362,0
normal_0363,0
normal_0364,0
normal_0365,0
normal_0366,0
normal_0367,0
normal_0368,0
normal_0369,0
normal_0370,0
normal_0371,0
normal_0372,0
normal_0373,0
normal_0374,0
normal_0375,0
normal_0376,0
normal_0377,0
normal_0378,0
normal_0379,0
normal_0380,0
normal_0381,0
normal_0382,0
normal_0383,0
normal_0384,0
normal_0385,0
normal_0386,0
normal_0387,0
normal_0388,0
normal_0389,0
normal_0390,0
normal_0391,0
normal_0392,0
normal_0393,0
normal_0394,0
normal_0395,0
normal_0396,0
normal_0397,0
normal_0398,0
normal_0399,0
sra_0000,1
sra_0001,1
sra_0002,1
sra_0003,1
sra_0004,1
sra_0005,1
sra_0006,1
sra_0007,1
sra_0008,1
sra_0009,1
sra_0010,1
sra_0011,1
sra_0012,1
sra_0013,1
sra_0014,1
sra_0015,1
sra_0016,1
sra_0017,1
sra_0018,1
sra_0019,1
sra_0020,1
sra_0021,1
sra_0022,1
sra_0023,1
sra_0024,1
sra_0025,1
sra_0026,1
sra_0027,1
sra_0028,1
sra_0029,1
sra_0030,1
sra_0031,1
sra_0032,1
sra_0033,1
sra_0034,1
sra_0035,1
sra_0036,1
sra_0037,1
sra_0038,1
sra_0039,1
sia_0000,1
sia_0001,1
sia_0002,1
sia_0003,1
sia_0004,1
sia_0005,1
sia_0006,1
sia_0007,1
sia_0008,1
sia_0009,1
sia_0010,1
sia_0011,1
sia_0012,1
sia_0013,1
sia_0014,1
sia_0015,1
sia_0016,1
sia_0017,1
sia_0018,1
sia_0019,1
