timestamp,dada_score,threshold_p95_init,label
2026-06-14 10:44:05+00:00,,0.06889134943485255,0
2026-06-14 10:44:06+00:00,,0.06889134943485255,0
2026-06-14 10:44:07+00:00,,0.06889134943485255,0
2026-06-14 10:44:08+00:00,,0.06889134943485255,0
2026-06-14 10:44:09+00:00,,0.06889134943485255,0
2026-06-14 10:44:10+00:00,,0.06889134943485255,0
2026-06-14 10:44:11+00:00,,0.06889134943485255,0
2026-06-14 10:44:12+00:00,,0.06889134943485255,0
2026-06-14 10:44:13+00:00,,0.06889134943485255,0
2026-06-14 10:44:14+00:00,,0.06889134943485255,0
2026-06-14 10:44:15+00:00,,0.06889134943485255,0
2026-06-14 10:44:16+00:00,,0.06889134943485255,0
2026-06-14 10:44:17+00:00,,0.06889134943485255,0
2026-06-14 10:44:18+00:00,,0.06889134943485255,0
2026-06-14 10:44:19+00:00,,0.06889134943485255,0
2026-06-14 10:44:20+00:00,,0.06889134943485255,0
2026-06-14 10:44:21+00:00,,0.06889134943485255,0
2026-06-14 10:44:22+00:00,,0.06889134943485255,0
2026-06-14 10:44:23+00:00,,0.06889134943485255,0
2026-06-14 10:44:24+00:00,,0.06889134943485255,0
2026-06-14 10:44:25+00:00,,0.06889134943485255,0
2026-06-14 10:44:26+00:00,,0.06889134943485255,0
2026-06-14 10:44:27+00:00,,0.06889134943485255,0
2026-06-14 10:44:28+00:00,,0.06889134943485255,0
2026-06-14 10:44:29+00:00,,0.06889134943485255,0
2026-06-14 10:44:30+00:00,,0.06889134943485255,0
2026-06-14 10:44:31+00:00,,0.06889134943485255,0
2026-06-14 10:44:32+00:00,,0.06889134943485255,0
2026-06-14 10:44:33+00:00,,0.06889134943485255,0
2026-06-14 10:44:34+00:00,,0.06889134943485255,0
2026-06-14 10:44:35+00:00,,0.06889134943485255,0
2026-06-14 10:44:36+00:00,,0.06889134943485255,0
2026-06-14 10:44:37+00:00,,0.06889134943485255,0
2026-06-14 10:44:38+00:00,,0.06889134943485255,0
2026-06-14 10:44:39+00:00,,0.06889134943485255,0
2026-06-14 10:44:40+00:00,,0.06889134943485255,0
2026-06-14 10:44:41+00:00,,0.06889134943485255,0
2026-06-14 10:44:42+00:00,,0.06889134943485255,0
2026-06-14 10:44:43+00:00,,0.06889134943485255,0
2026-06-14 10:44:44+00:00,,0.06889134943485255,0
2026-06-14 10:44:45+00:00,,0.06889134943485255,0
2026-06-14 10:44:46+00:00,,0.06889134943485255,0
2026-06-14 10:44:47+00:00,,0.06889134943485255,0
2026-06-14 10:44:48+00:00,,0.06889134943485255,0
2026-06-14 10:44:49+00:00,,0.06889134943485255,0
2026-06-14 10:44:50+00:00,,0.06889134943485255,0
2026-06-14 10:44:51+00:00,,0.06889134943485255,0
2026-06-14 10:44:52+00:00,,0.06889134943485255,0
2026-06-14 10:44:53+00:00,,0.06889134943485255,0
2026-06-14 10:44:54+00:00,,0.06889134943485255,0
2026-06-14 10:44:55+00:00,,0.06889134943485255,0
2026-06-14 10:44:56+00:00,,0.06889134943485255,0
2026-06-14 10:44:57+00:00,,0.06889134943485255,0
2026-06-14 10:44:58+00:00,,0.06889134943485255,0
2026-06-14 10:44:59+00:00,,0.06889134943485255,0
2026-06-14 10:45:00+00:00,,0.06889134943485255,0
2026-06-14 10:45:01+00:00,,0.06889134943485255,0
2026-06-14 10:45:02+00:00,,0.06889134943485255,0
2026-06-14 10:45:03+00:00,,0.06889134943485255,0
2026-06-14 10:45:04+00:00,,0.06889134943485255,0
2026-06-14 10:45:05+00:00,,0.06889134943485255,0
2026-06-14 10:45:06+00:00,,0.06889134943485255,0
2026-06-14 10:45:07+00:00,,0.06889134943485255,0
2026-06-14 10:45:08+00:00,,0.06889134943485255,0
2026-06-14 10:45:09+00:00,,0.06889134943485255,0
2026-06-14 10:45:10+00:00,,0.06889134943485255,0
2026-06-14 10:45:11+00:00,,0.06889134943485255,0
2026-06-14 10:45:12+00:00,,0.06889134943485255,0
2026-06-14 10:45:13+00:00,,0.06889134943485255,0
2026-06-14 10:45:14+00:00,,0.06889134943485255,0
2026-06-14 10:45:15+00:00,,0.06889134943485255,0
2026-06-14 10:45:16+00:00,,0.06889134943485255,0
2026-06-14 10:45:17+00:00,,0.06889134943485255,0
2026-06-14 10:45:18+00:00,,0.06889134943485255,0
2026-06-14 10:45:19+00:00,,0.06889134943485255,0
2026-06-14 10:45:20+00:00,,0.06889134943485255,0
2026-06-14 10:45:21+00:00,,0.06889134943485255,0
2026-06-14 10:45:22+00:00,,0.06889134943485255,0
2026-06-14 10:45:23+00:00,,0.06889134943485255,0
2026-06-14 10:45:24+00:00,,0.06889134943485255,0
2026-06-14 10:45:25+00:00,,0.06889134943485255,0
2026-06-14 10:45:26+00:00,,0.06889134943485255,0
2026-06-14 10:45:27+00:00,,0.06889134943485255,0
2026-06-14 10:45:28+00:00,,0.06889134943485255,0
2026-06-14 10:45:29+00:00,,0.06889134943485255,0
2026-06-14 10:45:30+00:00,,0.06889134943485255,0
2026-06-14 10:45:31+00:00,,0.06889134943485255,0
2026-06-14 10:45:32+00:00,,0.06889134943485255,0
2026-06-14 10:45:33+00:00,,0.06889134943485255,0
2026-06-14 10:45:34+00:00,,0.06889134943485255,0
2026-06-14 10:45:35+00:00,,0.06889134943485255,0
2026-06-14 10:45:36+00:00,,0.06889134943485255,0
2026-06-14 10:45:37+00:00,,0.06889134943485255,0
2026-06-14 10:45:38+00:00,,0.06889134943485255,0
2026-06-14 10:45:39+00:00,,0.06889134943485255,0
2026-06-14 10:45:40+00:00,,0.06889134943485255,0
2026-06-14 10:45:41+00:00,,0.06889134943485255,0
2026-06-14 10:45:42+00:00,,0.06889134943485255,0
2026-06-14 10:45:43+00:00,,0.06889134943485255,0
2026-06-14 10:45:44+00:00,,0.06889134943485255,0
2026-06-14 10:45:45+00:00,,0.06889134943485255,0
2026-06-14 10:45:46+00:00,,0.06889134943485255,0
2026-06-14 10:45:47+00:00,,0.06889134943485255,0
2026-06-14 10:45:48+00:00,,0.06889134943485255,0
2026-06-14 10:45:49+00:00,,0.06889134943485255,0
2026-06-14 10:45:50+00:00,,0.06889134943485255,0
2026-06-14 10:45:51+00:00,,0.06889134943485255,0
2026-06-14 10:45:52+00:00,,0.06889134943485255,0
2026-06-14 10:45:53+00:00,,0.06889134943485255,0
2026-06-14 10:45:54+00:00,,0.06889134943485255,0
2026-06-14 10:45:55+00:00,,0.06889134943485255,0
2026-06-14 10:45:56+00:00,,0.06889134943485255,0
2026-06-14 10:45:57+00:00,,0.06889134943485255,0
2026-06-14 10:45:58+00:00,,0.06889134943485255,0
2026-06-14 10:45:59+00:00,,0.06889134943485255,0
2026-06-14 10:46:00+00:00,,0.06889134943485255,0
2026-06-14 10:46:01+00:00,,0.06889134943485255,0
2026-06-14 10:46:02+00:00,,0.06889134943485255,0
2026-06-14 10:46:03+00:00,,0.06889134943485255,0
2026-06-14 10:46:04+00:00,,0.06889134943485255,0
2026-06-14 10:46:05+00:00,,0.06889134943485255,0
2026-06-14 10:46:06+00:00,,0.06889134943485255,0
2026-06-14 10:46:07+00:00,,0.06889134943485255,0
2026-06-14 10:46:08+00:00,,0.06889134943485255,0
2026-06-14 10:46:09+00:00,,0.06889134943485255,0
2026-06-14 10:46:10+00:00,,0.06889134943485255,0
2026-06-14 10:46:11+00:00,,0.06889134943485255,0
2026-06-14 10:46:12+00:00,,0.06889134943485255,0
2026-06-14 10:46:13+00:00,,0.06889134943485255,0
2026-06-14 10:46:14+00:00,,0.06889134943485255,0
2026-06-14 10:46:15+00:00,,0.06889134943485255,0
2026-06-14 10:46:16+00:00,,0.06889134943485255,0
2026-06-14 10:46:17+00:00,,0.06889134943485255,0
2026-06-14 10:46:18+00:00,,0.06889134943485255,0
2026-06-14 10:46:19+00:00,,0.06889134943485255,0
2026-06-14 10:46:20+00:00,,0.06889134943485255,0
2026-06-14 10:46:21+00:00,,0.06889134943485255,0
2026-06-14 10:46:22+00:00,,0.06889134943485255,0
2026-06-14 10:46:23+00:00,,0.06889134943485255,0
2026-06-14 10:46:24+00:00,,0.06889134943485255,0
2026-06-14 10:46:25+00:00,,0.06889134943485255,0
2026-06-14 10:46:26+00:00,,0.06889134943485255,0
2026-06-14 10:46:27+00:00,,0.06889134943485255,0
2026-06-14 10:46:28+00:00,,0.06889134943485255,0
2026-06-14 10:46:29+00:00,,0.06889134943485255,0
2026-06-14 10:46:30+00:00,,0.06889134943485255,0
2026-06-14 10:46:31+00:00,,0.06889134943485255,0
2026-06-14 10:46:32+00:00,,0.06889134943485255,0
2026-06-14 10:46:33+00:00,,0.06889134943485255,0
2026-06-14 10:46:34+00:00,,0.06889134943485255,0
2026-06-14 10:46:35+00:00,,0.06889134943485255,0
2026-06-14 10:46:36+00:00,,0.06889134943485255,0
2026-06-14 10:46:37+00:00,,0.06889134943485255,0
2026-06-14 10:46:38+00:00,,0.06889134943485255,0
2026-06-14 10:46:39+00:00,,0.06889134943485255,0
2026-06-14 10:46:40+00:00,,0.06889134943485255,0
2026-06-14 10:46:41+00:00,,0.06889134943485255,0
2026-06-14 10:46:42+00:00,,0.06889134943485255,0
2026-06-14 10:46:43+00:00,,0.06889134943485255,0
2026-06-14 10:46:44+00:00,,0.06889134943485255,0
2026-06-14 10:46:45+00:00,,0.06889134943485255,0
2026-06-14 10:46:46+00:00,,0.06889134943485255,0
2026-06-14 10:46:47+00:00,,0.06889134943485255,0
2026-06-14 10:46:48+00:00,,0.06889134943485255,0
2026-06-14 10:46:49+00:00,,0.06889134943485255,0
2026-06-14 10:46:50+00:00,,0.06889134943485255,0
2026-06-14 10:46:51+00:00,,0.06889134943485255,0
2026-06-14 10:46:52+00:00,,0.06889134943485255,0
2026-06-14 10:46:53+00:00,,0.06889134943485255,0
2026-06-14 10:46:54+00:00,,0.06889134943485255,0
2026-06-14 10:46:55+00:00,,0.06889134943485255,0
2026-06-14 10:46:56+00:00,,0.06889134943485255,0
2026-06-14 10:46:57+00:00,,0.06889134943485255,0
2026-06-14 10:46:58+00:00,,0.06889134943485255,0
2026-06-14 10:46:59+00:00,,0.06889134943485255,0
2026-06-14 10:47:00+00:00,,0.06889134943485255,0
2026-06-14 10:47:01+00:00,,0.06889134943485255,0
2026-06-14 10:47:02+00:00,,0.06889134943485255,0
2026-06-14 10:47:03+00:00,,0.06889134943485255,0
2026-06-14 10:47:04+00:00,,0.06889134943485255,0
2026-06-14 10:47:05+00:00,,0.06889134943485255,0
2026-06-14 10:47:06+00:00,,0.06889134943485255,0
2026-06-14 10:47:07+00:00,,0.06889134943485255,0
2026-06-14 10:47:08+00:00,,0.06889134943485255,0
2026-06-14 10:47:09+00:00,,0.06889134943485255,0
2026-06-14 10:47:10+00:00,,0.06889134943485255,0
2026-06-14 10:47:11+00:00,,0.06889134943485255,0
2026-06-14 10:47:12+00:00,,0.06889134943485255,0
2026-06-14 10:47:13+00:00,,0.06889134943485255,0
2026-06-14 10:47:14+00:00,,0.06889134943485255,0
2026-06-14 10:47:15+00:00,,0.06889134943485255,0
2026-06-14 10:47:16+00:00,,0.06889134943485255,0
2026-06-14 10:47:17+00:00,,0.06889134943485255,0
2026-06-14 10:47:18+00:00,,0.06889134943485255,0
2026-06-14 10:47:19+00:00,,0.06889134943485255,0
2026-06-14 10:47:20+00:00,,0.06889134943485255,0
2026-06-14 10:47:21+00:00,,0.06889134943485255,0
2026-06-14 10:47:22+00:00,,0.06889134943485255,0
2026-06-14 10:47:23+00:00,,0.06889134943485255,0
2026-06-14 10:47:24+00:00,,0.06889134943485255,0
2026-06-14 10:47:25+00:00,,0.06889134943485255,0
2026-06-14 10:47:26+00:00,,0.06889134943485255,0
2026-06-14 10:47:27+00:00,,0.06889134943485255,0
2026-06-14 10:47:28+00:00,,0.06889134943485255,0
2026-06-14 10:47:29+00:00,,0.06889134943485255,0
2026-06-14 10:47:30+00:00,,0.06889134943485255,0
2026-06-14 10:47:31+00:00,,0.06889134943485255,0
2026-06-14 10:47:32+00:00,,0.06889134943485255,0
2026-06-14 10:47:33+00:00,,0.06889134943485255,0
2026-06-14 10:47:34+00:00,,0.06889134943485255,0
2026-06-14 10:47:35+00:00,,0.06889134943485255,0
2026-06-14 10:47:36+00:00,,0.06889134943485255,0
2026-06-14 10:47:37+00:00,,0.06889134943485255,0
2026-06-14 10:47:38+00:00,,0.06889134943485255,0
2026-06-14 10:47:39+00:00,,0.06889134943485255,0
2026-06-14 10:47:40+00:00,,0.06889134943485255,0
2026-06-14 10:47:41+00:00,,0.06889134943485255,0
2026-06-14 10:47:42+00:00,,0.06889134943485255,0
2026-06-14 10:47:43+00:00,,0.06889134943485255,0
2026-06-14 10:47:44+00:00,,0.06889134943485255,0
2026-06-14 10:47:45+00:00,,0.06889134943485255,0
2026-06-14 10:47:46+00:00,,0.06889134943485255,0
2026-06-14 10:47:47+00:00,,0.06889134943485255,0
2026-06-14 10:47:48+00:00,,0.06889134943485255,0
2026-06-14 10:47:49+00:00,0.05304350703954697,0.06889134943485255,1
2026-06-14 10:47:50+00:00,0.056125301867723465,0.06889134943485255,1
2026-06-14 10:47:51+00:00,0.053522419184446335,0.06889134943485255,1
2026-06-14 10:47:52+00:00,0.046388059854507446,0.06889134943485255,1
2026-06-14 10:47:53+00:00,0.046110060065984726,0.06889134943485255,1
2026-06-14 10:47:54+00:00,0.042027851566672325,0.06889134943485255,1
2026-06-14 10:47:55+00:00,0.015680840238928795,0.06889134943485255,1
2026-06-14 10:47:56+00:00,0.016071398742496967,0.06889134943485255,1
2026-06-14 10:47:57+00:00,0.012547567486763,0.06889134943485255,1
2026-06-14 10:47:58+00:00,0.010198952630162239,0.06889134943485255,1
2026-06-14 10:47:59+00:00,0.02011543357123931,0.06889134943485255,1
2026-06-14 10:48:00+00:00,0.024021990907688934,0.06889134943485255,1
2026-06-14 10:48:01+00:00,0.02253881376236677,0.06889134943485255,1
2026-06-14 10:48:02+00:00,0.02431624506910642,0.06889134943485255,1
2026-06-14 10:48:03+00:00,0.02736749282727639,0.06889134943485255,1
2026-06-14 10:48:04+00:00,0.03566602664068341,0.06889134943485255,1
2026-06-14 10:48:05+00:00,0.038218061439692974,0.06889134943485255,1
2026-06-14 10:48:06+00:00,0.038165278267115355,0.06889134943485255,1
2026-06-14 10:48:07+00:00,0.04501209920272231,0.06889134943485255,1
2026-06-14 10:48:08+00:00,0.033824949990957975,0.06889134943485255,1
2026-06-14 10:48:09+00:00,0.03857986107468605,0.06889134943485255,1
2026-06-14 10:48:10+00:00,0.04497808814048767,0.06889134943485255,1
2026-06-14 10:48:11+00:00,0.045091817155480385,0.06889134943485255,1
2026-06-14 10:48:12+00:00,0.04566028267145157,0.06889134943485255,1
2026-06-14 10:48:13+00:00,0.018351712077856065,0.06889134943485255,1
2026-06-14 10:48:14+00:00,0.016795242050041754,0.06889134943485255,1
2026-06-14 10:48:15+00:00,0.01653697667643428,0.06889134943485255,1
2026-06-14 10:48:16+00:00,0.014653018054862818,0.06889134943485255,1
2026-06-14 10:48:17+00:00,0.01297451602295041,0.06889134943485255,1
2026-06-14 10:48:18+00:00,0.010108160631110271,0.06889134943485255,1
2026-06-14 10:48:19+00:00,0.011294050075645958,0.06889134943485255,1
2026-06-14 10:48:20+00:00,0.010083922916757209,0.06889134943485255,1
2026-06-14 10:48:21+00:00,0.010033083680484976,0.06889134943485255,1
2026-06-14 10:48:22+00:00,0.014108574683112758,0.06889134943485255,1
2026-06-14 10:48:23+00:00,0.008199227973818779,0.06889134943485255,1
2026-06-14 10:48:24+00:00,0.009975582419428974,0.06889134943485255,1
2026-06-14 10:48:25+00:00,0.010278977220878005,0.06889134943485255,1
2026-06-14 10:48:26+00:00,0.010722425009589642,0.06889134943485255,1
2026-06-14 10:48:27+00:00,0.010420030390378088,0.06889134943485255,1
2026-06-14 10:48:28+00:00,0.011620206176303327,0.06889134943485255,1
2026-06-14 10:48:29+00:00,0.017959925087375775,0.06889134943485255,1
2026-06-14 10:48:30+00:00,0.01874039736058977,0.06889134943485255,1
2026-06-14 10:48:31+00:00,0.018448719340893958,0.06889134943485255,1
2026-06-14 10:48:32+00:00,0.021921603629986446,0.06889134943485255,1
2026-06-14 10:48:33+00:00,0.02409615098602242,0.06889134943485255,1
2026-06-14 10:48:34+00:00,0.030593345127999782,0.06889134943485255,1
2026-06-14 10:48:35+00:00,0.026014366559684275,0.06889134943485255,1
2026-06-14 10:48:36+00:00,0.025331851001828908,0.06889134943485255,1
2026-06-14 10:48:37+00:00,0.024444146640598775,0.06889134943485255,1
2026-06-14 10:48:38+00:00,0.025633713509887458,0.06889134943485255,1
2026-06-14 10:48:39+00:00,0.02620992420071905,0.06889134943485255,1
2026-06-14 10:48:40+00:00,0.04588611999695951,0.06889134943485255,1
2026-06-14 10:48:41+00:00,0.03985100832175125,0.06889134943485255,1
2026-06-14 10:48:42+00:00,0.038050424815578895,0.06889134943485255,1
2026-06-14 10:48:43+00:00,0.0357246839187362,0.06889134943485255,1
2026-06-14 10:48:44+00:00,0.04029825593655308,0.06889134943485255,1
2026-06-14 10:48:45+00:00,0.03992619536196192,0.06889134943485255,1
2026-06-14 10:48:46+00:00,0.03957232801864544,0.06889134943485255,1
2026-06-14 10:48:47+00:00,0.042078114580363035,0.06889134943485255,1
2026-06-14 10:48:48+00:00,0.04683630168437958,0.06889134943485255,1
2026-06-14 10:48:49+00:00,0.050640746377981626,0.06889134943485255,1
2026-06-14 10:48:50+00:00,0.05342478247789236,0.06889134943485255,1
2026-06-14 10:48:51+00:00,0.03987560951365875,0.06889134943485255,1
2026-06-14 10:48:52+00:00,0.03855680416409786,0.06889134943485255,1
2026-06-14 10:48:53+00:00,0.04057931513167345,0.06889134943485255,1
2026-06-14 10:48:54+00:00,0.03324839712253639,0.06889134943485255,1
2026-06-14 10:48:55+00:00,0.02884000659521137,0.06889134943485255,1
2026-06-14 10:48:56+00:00,0.02535750823361533,0.06889134943485255,1
2026-06-14 10:48:57+00:00,0.023183858221662895,0.06889134943485255,1
2026-06-14 10:48:58+00:00,0.02210293577185699,0.06889134943485255,1
2026-06-14 10:48:59+00:00,0.026625241401294866,0.06889134943485255,1
2026-06-14 10:49:00+00:00,0.031476529439290364,0.06889134943485255,1
2026-06-14 10:49:01+00:00,0.035962919269998866,0.06889134943485255,1
2026-06-14 10:49:02+00:00,0.029678863659501075,0.06889134943485255,1
2026-06-14 10:49:03+00:00,0.02104288265109062,0.06889134943485255,1
2026-06-14 10:49:04+00:00,0.01686480618081987,0.06889134943485255,1
2026-06-14 10:49:05+00:00,0.017997013812419027,0.06889134943485255,1
2026-06-14 10:49:06+00:00,0.017767799145076424,0.06889134943485255,1
2026-06-14 10:49:07+00:00,0.018257891992107034,0.06889134943485255,1
2026-06-14 10:49:08+00:00,0.017204962146934122,0.06889134943485255,1
2026-06-14 10:49:09+00:00,0.019552264472140986,0.06889134943485255,1
2026-06-14 10:49:10+00:00,0.02009663128239267,0.06889134943485255,1
2026-06-14 10:49:11+00:00,0.016751950278001672,0.06889134943485255,1
2026-06-14 10:49:12+00:00,0.014244568698546466,0.06889134943485255,1
2026-06-14 10:49:13+00:00,0.013118706095744581,0.06889134943485255,1
2026-06-14 10:49:14+00:00,0.012428055284544826,0.06889134943485255,1
2026-06-14 10:49:15+00:00,0.015732414916985564,0.06889134943485255,1
2026-06-14 10:49:16+00:00,0.016492314378006592,0.06889134943485255,1
2026-06-14 10:49:17+00:00,0.01648913272139099,0.06889134943485255,1
2026-06-14 10:49:18+00:00,0.01469445057834188,0.06889134943485255,1
2026-06-14 10:49:19+00:00,0.013212008842904317,0.06889134943485255,1
2026-06-14 10:49:20+00:00,0.014362189918756485,0.06889134943485255,1
2026-06-14 10:49:21+00:00,0.016314835434681492,0.06889134943485255,1
2026-06-14 10:49:22+00:00,0.01685418183670232,0.06889134943485255,1
2026-06-14 10:49:23+00:00,0.011252455903511299,0.06889134943485255,1
2026-06-14 10:49:24+00:00,0.016442415211349724,0.06889134943485255,1
2026-06-14 10:49:25+00:00,0.018149181641638278,0.06889134943485255,1
2026-06-14 10:49:26+00:00,0.01770403333939612,0.06889134943485255,1
2026-06-14 10:49:27+00:00,0.024922892963513733,0.06889134943485255,1
2026-06-14 10:49:28+00:00,0.029288443457335233,0.06889134943485255,1
2026-06-14 10:49:29+00:00,0.022781904460862278,0.06889134943485255,1
2026-06-14 10:49:30+00:00,0.02251077312976122,0.06889134943485255,1
2026-06-14 10:49:31+00:00,0.021819514501839877,0.06889134943485255,1
2026-06-14 10:49:32+00:00,0.023279752815142274,0.06889134943485255,1
2026-06-14 10:49:33+00:00,0.0259863181039691,0.06889134943485255,1
2026-06-14 10:49:34+00:00,0.03580437921918929,0.06889134943485255,1
2026-06-14 10:49:35+00:00,0.04289209144189954,0.06889134943485255,1
2026-06-14 10:49:36+00:00,0.04841714594513178,0.06889134943485255,1
2026-06-14 10:49:37+00:00,0.046666769310832024,0.06889134943485255,1
2026-06-14 10:49:38+00:00,0.048900946788489816,0.06889134943485255,1
2026-06-14 10:49:39+00:00,0.05202935291454196,0.06889134943485255,1
2026-06-14 10:49:40+00:00,0.04720366233959794,0.06889134943485255,1
2026-06-14 10:49:41+00:00,0.04367693662643433,0.06889134943485255,1
2026-06-14 10:49:42+00:00,0.0418517560698092,0.06889134943485255,1
2026-06-14 10:49:43+00:00,0.04098901529796421,0.06889134943485255,1
2026-06-14 10:49:44+00:00,0.03797358679585159,0.06889134943485255,1
2026-06-14 10:49:45+00:00,0.03524425150826573,0.06889134943485255,1
2026-06-14 10:49:46+00:00,0.03131641871295869,0.06889134943485255,1
2026-06-14 10:49:47+00:00,0.02898273984901607,0.06889134943485255,1
2026-06-14 10:49:48+00:00,0.027764312061481177,0.06889134943485255,1
2026-06-14 10:49:49+00:00,0.028762716613709927,0.06889134943485255,1
2026-06-14 10:49:50+00:00,0.030903359223157168,0.06889134943485255,1
2026-06-14 10:49:51+00:00,0.02961554005742073,0.06889134943485255,1
2026-06-14 10:49:52+00:00,0.028768012626096608,0.06889134943485255,1
2026-06-14 10:49:53+00:00,0.02946526585146785,0.06889134943485255,1
2026-06-14 10:49:54+00:00,0.02758829523809254,0.06889134943485255,1
2026-06-14 10:49:55+00:00,0.030941095435991883,0.06889134943485255,1
2026-06-14 10:49:56+00:00,0.03187339180149138,0.06889134943485255,1
2026-06-14 10:49:57+00:00,0.03287371639162302,0.06889134943485255,1
2026-06-14 10:49:58+00:00,0.02296371851116419,0.06889134943485255,1
2026-06-14 10:49:59+00:00,0.019469719659537078,0.06889134943485255,1
2026-06-14 10:50:00+00:00,0.018096062215045096,0.06889134943485255,1
2026-06-14 10:50:01+00:00,0.016449317801743746,0.06889134943485255,1
2026-06-14 10:50:02+00:00,0.015371666895225644,0.06889134943485255,1
2026-06-14 10:50:03+00:00,0.01464677972253412,0.06889134943485255,1
2026-06-14 10:50:04+00:00,0.014382390957325696,0.06889134943485255,1
2026-06-14 10:50:05+00:00,0.01586598341818899,0.06889134943485255,1
2026-06-14 10:50:06+00:00,0.015136403101496398,0.06889134943485255,1
2026-06-14 10:50:07+00:00,0.01546923180576414,0.06889134943485255,1
2026-06-14 10:50:08+00:00,0.016596588492393493,0.06889134943485255,1
2026-06-14 10:50:09+00:00,0.012973908404819667,0.06889134943485255,1
2026-06-14 10:50:10+00:00,0.011782654444687068,0.06889134943485255,1
2026-06-14 10:50:11+00:00,0.010300087393261492,0.06889134943485255,1
2026-06-14 10:50:12+00:00,0.009030678053386509,0.06889134943485255,1
2026-06-14 10:50:13+00:00,0.008281743340194225,0.06889134943485255,1
2026-06-14 10:50:14+00:00,0.008692056813742965,0.06889134943485255,1
2026-06-14 10:50:15+00:00,0.008788085344713181,0.06889134943485255,1
2026-06-14 10:50:16+00:00,0.009072052536066622,0.06889134943485255,1
2026-06-14 10:50:17+00:00,0.011033956124447287,0.06889134943485255,1
2026-06-14 10:50:18+00:00,0.010356188053265214,0.06889134943485255,1
2026-06-14 10:50:19+00:00,0.009050395712256432,0.06889134943485255,1
2026-06-14 10:50:20+00:00,0.008189655561000108,0.06889134943485255,1
2026-06-14 10:50:21+00:00,0.00812623999081552,0.06889134943485255,1
2026-06-14 10:50:22+00:00,0.008050257270224393,0.06889134943485255,1
2026-06-14 10:50:23+00:00,0.008074695570394396,0.06889134943485255,1
2026-06-14 10:50:24+00:00,0.018737149564549326,0.06889134943485255,1
2026-06-14 10:50:25+00:00,0.020897014369256794,0.06889134943485255,1
2026-06-14 10:50:26+00:00,0.022638967668171972,0.06889134943485255,1
2026-06-14 10:50:27+00:00,0.02291941933799535,0.06889134943485255,1
2026-06-14 10:50:28+00:00,0.021164450608193875,0.06889134943485255,1
2026-06-14 10:50:29+00:00,1.7802479757927359,0.06889134943485255,1
2026-06-14 10:50:30+00:00,1.8127266604686156,0.06889134943485255,1
2026-06-14 10:50:31+00:00,2.3992400610353797,0.06889134943485255,1
2026-06-14 10:50:32+00:00,2.882289518928155,0.06889134943485255,1
2026-06-14 10:50:33+00:00,2.793090126849711,0.06889134943485255,1
2026-06-14 10:50:34+00:00,125.17081578979268,0.06889134943485255,1
2026-06-14 10:50:35+00:00,127.25350642278791,0.06889134943485255,1
2026-06-14 10:50:36+00:00,160.5931103548035,0.06889134943485255,1
2026-06-14 10:50:37+00:00,184.16769783673809,0.06889134943485255,1
2026-06-14 10:50:38+00:00,175.08001650208607,0.06889134943485255,1
2026-06-14 10:50:39+00:00,4768.582589974627,0.06889134943485255,1
2026-06-14 10:50:40+00:00,4778.904487687256,0.06889134943485255,1
2026-06-14 10:50:41+00:00,5834.094278686587,0.06889134943485255,1
2026-06-14 10:50:42+00:00,6463.766972796153,0.06889134943485255,1
2026-06-14 10:50:43+00:00,6137.7279333892275,0.06889134943485255,1
2026-06-14 10:50:44+00:00,84369.51115380945,0.06889134943485255,1
2026-06-14 10:50:45+00:00,81681.3949517007,0.06889134943485255,1
2026-06-14 10:50:46+00:00,96139.38477174724,0.06889134943485255,1
2026-06-14 10:50:47+00:00,103062.46907428167,0.06889134943485255,1
2026-06-14 10:50:48+00:00,98869.66753296442,0.06889134943485255,1
2026-06-14 10:50:49+00:00,1334790.9812602275,0.06889134943485255,1
2026-06-14 10:50:50+00:00,1296335.892181465,0.06889134943485255,1
2026-06-14 10:50:51+00:00,1546755.2476856476,0.06889134943485255,1
2026-06-14 10:50:52+00:00,1666958.0985001507,0.06889134943485255,1
2026-06-14 10:50:53+00:00,1664682.1813945747,0.06889134943485255,1
2026-06-14 10:50:54+00:00,13431488.878054831,0.06889134943485255,1
2026-06-14 10:50:55+00:00,12947655.479118962,0.06889134943485255,1
2026-06-14 10:50:56+00:00,15178917.117686054,0.06889134943485255,1
2026-06-14 10:50:57+00:00,16156161.09324919,0.06889134943485255,1
2026-06-14 10:50:58+00:00,16149281.282684406,0.06889134943485255,1
2026-06-14 10:50:59+00:00,121621704.03927097,0.06889134943485255,1
2026-06-14 10:51:00+00:00,117268115.74806562,0.06889134943485255,1
2026-06-14 10:51:01+00:00,135717963.675567,0.06889134943485255,1
2026-06-14 10:51:02+00:00,145137965.78389332,0.06889134943485255,1
2026-06-14 10:51:03+00:00,146650459.79175824,0.06889134943485255,1
2026-06-14 10:51:04+00:00,651581903.0835482,0.06889134943485255,1
2026-06-14 10:51:05+00:00,632359763.0666584,0.06889134943485255,1
2026-06-14 10:51:06+00:00,705939060.7415304,0.06889134943485255,1
2026-06-14 10:51:07+00:00,761220692.2654445,0.06889134943485255,1
2026-06-14 10:51:08+00:00,764706653.5463464,0.06889134943485255,1
2026-06-14 10:51:09+00:00,2848402627.258717,0.06889134943485255,1
2026-06-14 10:51:10+00:00,2748079245.858826,0.06889134943485255,1
2026-06-14 10:51:11+00:00,2926096449.8633986,0.06889134943485255,1
2026-06-14 10:51:12+00:00,3188093205.0668855,0.06889134943485255,1
2026-06-14 10:51:13+00:00,3202496690.608611,0.06889134943485255,1
2026-06-14 10:51:14+00:00,6113682160.201619,0.06889134943485255,1
2026-06-14 10:51:15+00:00,6381205618.126669,0.06889134943485255,1
2026-06-14 10:51:16+00:00,6952812138.9880295,0.06889134943485255,1
2026-06-14 10:51:17+00:00,7592526665.995489,0.06889134943485255,0
2026-06-14 10:51:18+00:00,7867022951.367841,0.06889134943485255,0
2026-06-14 10:51:19+00:00,13198065399.126198,0.06889134943485255,0
2026-06-14 10:51:20+00:00,13249332929.28912,0.06889134943485255,0
2026-06-14 10:51:21+00:00,13957252120.970196,0.06889134943485255,0
2026-06-14 10:51:22+00:00,14691367545.01157,0.06889134943485255,0
2026-06-14 10:51:23+00:00,15665336352.948584,0.06889134943485255,0
2026-06-14 10:51:24+00:00,23656774627.98256,0.06889134943485255,0
2026-06-14 10:51:25+00:00,24628267350.10144,0.06889134943485255,0
2026-06-14 10:51:26+00:00,26188258328.70158,0.06889134943485255,0
2026-06-14 10:51:27+00:00,28137251674.789276,0.06889134943485255,0
2026-06-14 10:51:28+00:00,31630639950.10191,0.06889134943485255,0
2026-06-14 10:51:29+00:00,38312238931.00145,0.06889134943485255,0
2026-06-14 10:51:30+00:00,42548174585.47716,0.06889134943485255,0
2026-06-14 10:51:31+00:00,48432031940.46126,0.06889134943485255,0
2026-06-14 10:51:32+00:00,53769802414.801315,0.06889134943485255,0
2026-06-14 10:51:33+00:00,56766175229.601074,0.06889134943485255,0
2026-06-14 10:51:34+00:00,66263522635.2,0.06889134943485255,0
2026-06-14 10:51:35+00:00,69468171744.8,0.06889134943485255,0
2026-06-14 10:51:36+00:00,74686267489.1,0.06889134943485255,0
2026-06-14 10:51:37+00:00,83098534937.2,0.06889134943485255,0
2026-06-14 10:51:38+00:00,35965378633.6,0.06889134943485255,0
2026-06-14 10:51:39+00:00,33832814835.2,0.06889134943485255,0
2026-06-14 10:51:40+00:00,33365435625.6,0.06889134943485255,0
2026-06-14 10:51:41+00:00,31417351142.4,0.06889134943485255,0
2026-06-14 10:51:42+00:00,30296955616.0,0.06889134943485255,0
2026-06-14 10:51:43+00:00,30469830032.0,0.06889134943485255,0
2026-06-14 10:51:44+00:00,25006399417.6,0.06889134943485255,0
2026-06-14 10:51:45+00:00,24750672736.0,0.06889134943485255,0
2026-06-14 10:51:46+00:00,23618536672.0,0.06889134943485255,0
2026-06-14 10:51:47+00:00,22805489585.6,0.06889134943485255,0
2026-06-14 10:51:48+00:00,21785382796.8,0.06889134943485255,0
2026-06-14 10:51:49+00:00,17166193024.0,0.06889134943485255,0
2026-06-14 10:51:50+00:00,16176253249.6,0.06889134943485255,0
2026-06-14 10:51:51+00:00,14292841422.4,0.06889134943485255,0
2026-06-14 10:51:52+00:00,12930727546.4,0.06889134943485255,0
2026-06-14 10:51:53+00:00,11738020604.0,0.06889134943485255,0
2026-06-14 10:51:54+00:00,8391946923.2,0.06889134943485255,0
2026-06-14 10:51:55+00:00,9061860833.6,0.06889134943485255,0
2026-06-14 10:51:56+00:00,16776560716.8,0.06889134943485255,0
2026-06-14 10:51:57+00:00,17981272486.4,0.06889134943485255,0
2026-06-14 10:51:58+00:00,17966284704.0,0.06889134943485255,0
2026-06-14 10:51:59+00:00,12003046151.578947,0.06889134943485255,0
2026-06-14 10:52:00+00:00,11742514149.052631,0.06889134943485255,0
2026-06-14 10:52:01+00:00,11927217238.526316,0.06889134943485255,0
2026-06-14 10:52:02+00:00,11877129998.105263,0.06889134943485255,0
2026-06-14 10:52:03+00:00,11691836420.210526,0.06889134943485255,0
2026-06-14 10:52:04+00:00,9237410898.444445,0.06889134943485255,0
2026-06-14 10:52:05+00:00,9289416580.0,0.06889134943485255,0
2026-06-14 10:52:06+00:00,9400403815.11111,0.06889134943485255,0
2026-06-14 10:52:07+00:00,9300090326.222221,0.06889134943485255,0
2026-06-14 10:52:08+00:00,9215603367.555555,0.06889134943485255,0
2026-06-14 10:52:09+00:00,6084345732.705882,0.06889134943485255,0
2026-06-14 10:52:10+00:00,6200413934.588235,0.06889134943485255,0
2026-06-14 10:52:11+00:00,6646412431.529411,0.06889134943485255,0
2026-06-14 10:52:12+00:00,7004860592.235294,0.06889134943485255,0
2026-06-14 10:52:13+00:00,7520006952.470589,0.06889134943485255,0
2026-06-14 10:52:14+00:00,6109138094.0,0.06889134943485255,0
2026-06-14 10:52:15+00:00,6151056249.5,0.06889134943485255,0
2026-06-14 10:52:16+00:00,6673642567.0,0.06889134943485255,0
2026-06-14 10:52:17+00:00,6945256019.0,0.06889134943485255,0
2026-06-14 10:52:18+00:00,7249650556.0,0.06889134943485255,0
2026-06-14 10:52:19+00:00,7573102332.8,0.06889134943485255,0
2026-06-14 10:52:20+00:00,7538841370.666667,0.06889134943485255,0
2026-06-14 10:52:21+00:00,7975541089.6,0.06889134943485255,0
2026-06-14 10:52:22+00:00,8090853882.666667,0.06889134943485255,0
2026-06-14 10:52:23+00:00,8378036197.333333,0.06889134943485255,0
2026-06-14 10:52:24+00:00,6667322017.714286,0.06889134943485255,0
2026-06-14 10:52:25+00:00,6570780095.428572,0.06889134943485255,0
2026-06-14 10:52:26+00:00,6737116778.285714,0.06889134943485255,0
2026-06-14 10:52:27+00:00,6893202498.857142,0.06889134943485255,0
2026-06-14 10:52:28+00:00,7013406644.571428,0.06889134943485255,0
2026-06-14 10:52:29+00:00,3582420599.3846154,0.06889134943485255,0
2026-06-14 10:52:30+00:00,3598579779.076923,0.06889134943485255,0
2026-06-14 10:52:31+00:00,4025736084.923077,0.06889134943485255,0
2026-06-14 10:52:32+00:00,4251658903.3846154,0.06889134943485255,0
2026-06-14 10:52:33+00:00,4627156016.0,0.06889134943485255,0
2026-06-14 10:52:34+00:00,4945262298.666667,0.06889134943485255,0
2026-06-14 10:52:35+00:00,5001942041.333333,0.06889134943485255,0
2026-06-14 10:52:36+00:00,5564497100.0,0.06889134943485255,0
2026-06-14 10:52:37+00:00,5990889118.666667,0.06889134943485255,0
2026-06-14 10:52:38+00:00,6585056148.0,0.06889134943485255,0
2026-06-14 10:52:39+00:00,3507028283.6363635,0.06889134943485255,0
2026-06-14 10:52:40+00:00,3707314567.2727275,0.06889134943485255,0
2026-06-14 10:52:41+00:00,4512827286.545455,0.06889134943485255,0
2026-06-14 10:52:42+00:00,4869002114.181818,0.06889134943485255,0
2026-06-14 10:52:43+00:00,5131961365.818182,0.06889134943485255,0
2026-06-14 10:52:44+00:00,4721458566.4,0.06889134943485255,0
2026-06-14 10:52:45+00:00,5117746937.6,0.06889134943485255,0
2026-06-14 10:52:46+00:00,6219084384.0,0.06889134943485255,0
2026-06-14 10:52:47+00:00,6974118622.4,0.06889134943485255,0
2026-06-14 10:52:48+00:00,9513577687.2,0.06889134943485255,0
2026-06-14 10:52:49+00:00,10820684488.88889,0.06889134943485255,0
2026-06-14 10:52:50+00:00,11027857804.88889,0.06889134943485255,0
2026-06-14 10:52:51+00:00,12297572671.555555,0.06889134943485255,0
2026-06-14 10:52:52+00:00,12802384272.88889,0.06889134943485255,0
2026-06-14 10:52:53+00:00,13154824400.0,0.06889134943485255,0
2026-06-14 10:52:54+00:00,17236392964.0,0.06889134943485255,0
2026-06-14 10:52:55+00:00,16985016082.0,0.06889134943485255,0
2026-06-14 10:52:56+00:00,17587254166.0,0.06889134943485255,0
2026-06-14 10:52:57+00:00,17807578930.0,0.06889134943485255,0
2026-06-14 10:52:58+00:00,18334070334.0,0.06889134943485255,0
2026-06-14 10:52:59+00:00,15176607245.714285,0.06889134943485255,0
2026-06-14 10:53:00+00:00,16029767012.571428,0.06889134943485255,0
2026-06-14 10:53:01+00:00,17607914326.857143,0.06889134943485255,0
2026-06-14 10:53:02+00:00,19067168864.0,0.06889134943485255,0
2026-06-14 10:53:03+00:00,20640235026.285713,0.06889134943485255,0
2026-06-14 10:53:04+00:00,9590759274.666666,0.06889134943485255,0
2026-06-14 10:53:05+00:00,10943675722.666666,0.06889134943485255,0
2026-06-14 10:53:06+00:00,14085495978.666666,0.06889134943485255,0
2026-06-14 10:53:07+00:00,15537006741.333334,0.06889134943485255,0
2026-06-14 10:53:08+00:00,16906674304.0,0.06889134943485255,0
2026-06-14 10:53:09+00:00,15909080396.8,0.06889134943485255,0
2026-06-14 10:53:10+00:00,16968931200.0,0.06889134943485255,0
2026-06-14 10:53:11+00:00,20248643238.4,0.06889134943485255,0
2026-06-14 10:53:12+00:00,22033185228.8,0.06889134943485255,0
2026-06-14 10:53:13+00:00,23909303417.6,0.06889134943485255,0
2026-06-14 10:53:14+00:00,26399476544.0,0.06889134943485255,0
2026-06-14 10:53:15+00:00,26815480416.0,0.06889134943485255,0
2026-06-14 10:53:16+00:00,30037739072.0,0.06889134943485255,0
2026-06-14 10:53:17+00:00,31026795664.0,0.06889134943485255,0
2026-06-14 10:53:18+00:00,32362091712.0,0.06889134943485255,0
2026-06-14 10:53:19+00:00,47346038890.666664,0.06889134943485255,0
2026-06-14 10:53:20+00:00,46678684800.0,0.06889134943485255,0
2026-06-14 10:53:21+00:00,48464456362.666664,0.06889134943485255,0
2026-06-14 10:53:22+00:00,50081118378.666664,0.06889134943485255,0
2026-06-14 10:53:23+00:00,51747153749.333336,0.06889134943485255,0
2026-06-14 10:53:24+00:00,53957136896.0,0.06889134943485255,0
2026-06-14 10:53:25+00:00,55817490944.0,0.06889134943485255,0
2026-06-14 10:53:26+00:00,60790320128.0,0.06889134943485255,0
2026-06-14 10:53:27+00:00,62428413952.0,0.06889134943485255,0
2026-06-14 10:53:28+00:00,64060051456.0,0.06889134943485255,0
2026-06-14 10:53:29+00:00,26393016320.0,0.06889134943485255,0
2026-06-14 10:53:30+00:00,26953684992.0,0.06889134943485255,0
2026-06-14 10:53:31+00:00,34498834432.0,0.06889134943485255,0
2026-06-14 10:53:32+00:00,36590067712.0,0.06889134943485255,0
2026-06-14 10:53:33+00:00,36707946496.0,0.06889134943485255,0
2026-06-14 10:53:34+00:00,,0.06889134943485255,0
2026-06-14 10:53:35+00:00,,0.06889134943485255,0
2026-06-14 10:53:36+00:00,,0.06889134943485255,0
